전철역코드,전철역명,전철명명(영문),호선,외부코드,전철명명(중문),전철명명(일문),위도,경도
1002,남영,Namyeong,01호선,134,南?,ナミョン,37.540566672483216,126.97133096608212
1710,의왕,Uiwang,01호선,P152,儀王,ウィワン,37.3203421132836,126.9479765012
1905,회룡,Hoeryong,01호선,111,回?,フェリョン,37.7238058806629,127.047295368138
1906,의정부,Uijeongbu,01호선,110,?政府,ウィジョンブ,37.7383624923599,127.045956826767
1908,녹양,Nogyang,01호선,108,??,ノギャン,37.759385253302,127.042279351606
1021,녹천,Nokcheon,01호선,117,鹿川,ノクチョン,37.644633445567656,127.05138201885734
1909,양주,Yangju,01호선,107,?州,ヤンジュ,37.7741421622165,127.044721319691
1005,대방,Daebang,01호선,137,大方,テバン,37.499757228908564,126.92821094566965
1912,지행,Jihaeng,01호선,104,?杏,チヘン,37.892342734325595,127.05579309162063
1904,망월사,Mangwolsa,01호선,112,望月寺,マンウォルサ,37.7102191609902,127.047418285506
1729,당정,Dangjeong,01호선,P151,堂井,タンジョン,37.343689819399884,126.94837119045768
1407,온양온천,Onyang oncheon,01호선,P176,???泉,オニャンオンチョン,36.7805448837693,127.003181472942
1006,영등포,Yeongdeungpo,01호선,139,永登浦,ヨンドゥンポ,37.5211700890445,126.92466104293
1402,쌍용,Ssangyong,01호선,P171,??,サンヨン,36.7937257780754,127.121378271233
1715,세류,Seryu,01호선,P156,?柳,セリュ,37.243872520123844,127.01379969649852
1716,병점,Byeongjeom,01호선,P157,?店,ピョンチョム,,
1718,오산대,Osan College,01호선,P159,?山大?,オサンデ,37.1693504386917,127.063075726398
1750,광명,Gwangmyeong,01호선,P144-1,光明,クァンミョン,37.4761928424537,126.868211027014
1803,역곡,Yeokgok,01호선,146,?谷,ヨッコク,37.48531525961914,126.81205931841492
1404,탕정,Tangjeong,01호선,P173,?井,タンジョン,36.7882087107804,127.08439248328
1007,신도림,Sindorim,01호선,140,新道林,シンドリム,37.508908482648,126.891312500851
1706,안양,Anyang,01호선,P147,安?,アニヤン,37.39423950914369,126.9638080221341
1032,신길,Singil,01호선,138,新吉,シンギル,37.51678703217714,126.91836721069228
1020,월계,Wolgye,01호선,118,月溪,ウォルゲ,37.61500552731744,127.06568946412851
1019,광운대,Kwangwoon Univ.,01호선,119,光云大,光云大,37.6238373628149,127.061695160651
1016,외대앞,Hankuk Univ. of Foreign Studies,01호선,122,??外??大?,ウェデアプ,37.596274142656114,127.06369251145765
1004,노량진,Noryangjin,01호선,136,?梁津,ノリャンジン,37.5135856714992,126.940893179777
1003,용산,Yongsan,01호선,135,?山,ヨンサン,37.5345252050511,126.994333861918
1403,아산,Asan,01호선,P172,牙山,アサン,36.7805448837693,127.003181472942
1401,봉명,Bongmyeong,01호선,P170,??,ポンミョン,36.3537203343187,127.341445807064
1723,평택지제,PyeongtaekJije,01호선,P164,平?芝制,ピョンテクチジェ,37.01890215095567,127.07051382655925
1713,수원,Suwon,01호선,P155,水原,スウォン,37.2515035095752,127.07133191773
1711,성균관대,Sungkyunkwan  Univ.,01호선,P153,成均?大?,ソンギュングァンデ,37.3003290017027,126.971022000022
1704,석수,Seoksu,01호선,P145,石水,ソッス,37.43509293822681,126.90232078368835
1703,금천구청,Geumcheon-Gu Office,01호선,P144,衿川??,クムチョングチョン,37.4561943743749,126.893608614581
1702,가산디지털단지,Gasan Digital Complex,01호선,P142,加山????,カサン·デジタルダンジ,37.4803959660982,126.882661758356
1408,신창,Sinchang,01호선,P177,新昌,シンチャン,36.7696422998843,126.951393082675
1022,창동,Chang-dong,01호선,116,?洞,チャンドン,37.6485426057036,127.03465609756
1823,도화,Dohwa,01호선,157,道禾,トファ,37.466819329634994,126.65749387411809
1822,중동,Jung-dong,01호선,149,中洞,チュンドン,37.50295164139924,126.77689833819102
1817,도원,Dowon,01호선,159,桃源,トウォン,37.46877255664296,126.64253515710824
1811,동인천,Dongincheon,01호선,160,?仁川,トンインチョン,37.4754032677399,126.63261605410459
1810,제물포,Jemulpo,01호선,158,?物浦,チェムルポ,37.466819329634994,126.65749387411809
1807,백운,Baegun,01호선,153,白云,ペグン,37.483342495597,126.707294407871
1806,부평,Bupyeong,01호선,152,富平,プピョン,37.4894490429055,126.724331088618
1725,성환,Seonghwan,01호선,P166,成?,ソンファン,36.9159530167598,127.126837110236
1724,평택,Pyeongtaek,01호선,P165,平?,ピョンテク,37.0565637021655,127.052881703722
1701,구로,Guro,01호선,141,九老,クロ,37.4852605752505,126.901473080039
1809,주안,Juan,01호선,156,朱安,チュアン,37.46505238644672,126.67996793218974
1910,덕계,Deokgye,01호선,106,德溪,トッケ,37.8187525814885,127.056691678415
0158,청량리,Cheongnyangni,01호선,124,?凉里,チョンニャンニ,37.580037056302906,127.04472723023305
1015,회기,Hoegi,01호선,123,回基,フェギ,37.5897962196601,127.058048369273
0159,동묘앞,Dongmyo,01호선,127,??,トンミョアプ,37.5732166600283,127.016364227103
1804,부천,Bucheon,01호선,148,富川,プチョン,37.48764140324914,126.75315944764172
1707,명학,Myeonghak,01호선,P148,??,ミョンハク,37.3844604191546,126.935592791667
0157,제기동,Jegi-dong,01호선,125,祭基洞,チェギドン,37.57817349658033,127.03494949507864
0156,신설동,Sinseol-dong,01호선,126,新?洞,シンソルトン,37.5760299683175,127.024456700382
0155,동대문,Dongdaemun,01호선,128,?大?,トンデムン,37.5616038910656,127.06370373106944
0154,종로5가,Jongno 5(o)-ga,01호선,129,?路五街,チョンノオガ,37.57097610838373,127.00153834521934
1919,연천,Yeoncheon,01호선,100-3,?川,ヨンチョン,38.1006071628556,127.073673786091
1808,동암,Dongam,01호선,154,?岩,トンアム,37.4706957867304,126.702889753462
1708,금정,Geumjeong,01호선,P149,衿井,クムジョン,35.22964948660202,129.08942537773808
1915,동두천,Dongducheon,01호선,101,?豆川,トンドゥチョン,37.892342734325595,127.05579309162063
0153,종로3가,Jongno 3(sam)-ga,01호선,130,?路三街,チョンノサムガ,37.570420844523,126.992153252476
0152,종각,Jonggak,01호선,131,??,チョンガク,37.570227990912244,126.98315081716676
0151,시청,City Hall,01호선,132,市?,シチョン,37.56534539636417,126.97719821079865
1714,독산,Doksan,01호선,P143,?山,トッサン,37.46597376787178,126.88947790336374
0150,서울역,Seoul Station,01호선,133,首?,ソウル,37.55597933890212,126.97209238331357
1917,청산,Cheongsan,01호선,100-1,?山,チョンサン,37.9950890028797,127.074273958107
1907,가능,Ganeung,01호선,109,佳陵,カヌン,37.7483963196456,127.044288264841
1902,도봉,Dobong,01호선,114,道峰,トボン,37.6485426057036,127.03465609756
1801,개봉,Gaebong,01호선,143,?峰,ケボン,37.4946417150651,126.858715959622
1901,방학,Banghak,01호선,115,放?,パンハク,37.6674383662755,127.044321721307
1918,전곡,Jeongok,01호선,100-2,全谷,チョンゴク,38.0244410116172,127.071725088088
1916,소요산,Soyosan,01호선,100,逍?山,ソヨサン,37.9488975919392,127.061128608638
1913,동두천중앙,Dongducheon  jungang,01호선,103,?豆川中央,トンドゥチョン·チュンアン,37.9017807357936,127.05642330094
1719,오산,Osan,01호선,P160,?山,オサン,37.1447171633287,127.066630122646
1749,서동탄,Seodongtan,01호선,P157-1,西??,ソドンタン,37.1957351505295,127.051856779194
1816,간석,Ganseok,01호선,155,?石,カンソク,37.4670826685298,126.707918490817
1814,소사,Sosa,01호선,147,素砂,ソサ,37.48764140324914,126.75315944764172
1017,신이문,Sinimun,01호선,121,新里?,シニムン,37.6017816437084,127.067398003775
1812,인천,Incheon,01호선,161,仁川,インチョン,37.46505238644672,126.67996793218974
1805,송내,Songnae,01호선,150,松?,ソンネ,37.48764140324914,126.75315944764172
1712,화서,Hwaseo,01호선,P154,?西,ファソ,37.2840016829776,126.9896120326472
1709,군포,Gunpo,01호선,P150,?浦,クンポ,37.37246820714397,126.94347315682283
1911,덕정,Deokjeong,01호선,105,德亭,トクチョン,37.8431876500694,127.06155932141
1914,보산,Bosan,01호선,102,保山,ポサン,37.914144018035586,127.0571810247491
1821,온수,Onsu,01호선,145,?水,オンス,37.4919675365056,126.823847928009
1815,부개,Bugae,01호선,151,富?,プゲ,37.488477043182,126.740730089704
1802,오류동,Oryu-dong,01호선,144,梧柳洞,オリュドン,37.49439720933549,126.84480744815397
1726,직산,Jiksan,01호선,P167,稷山,チッサン,36.8709328418739,127.143823728817
1705,관악,Gwanak,01호선,P146,冠岳,クァナク,37.4770932409965,126.963523905001
1720,진위,Jinwi,01호선,P161,振威,チヌィ,37.1100790285838,127.062355993621
1728,천안,Cheonan,01호선,P169,天安,チョナン,36.833981274461074,127.14894257701431
1018,석계,Seokgye,01호선,120,石溪,ソッケ,37.61500552731744,127.06568946412851
1717,세마,Sema,01호선,P158,洗?,セマ,37.1871352848477,127.043426817312
1903,도봉산,Dobongsan,01호선,113,道峰山,トボンサン,37.68951167833238,127.04606271663916
1813,구일,Guil,01호선,142,九一,クイル,37.496254517687,126.86969110539
1405,배방,Baebang,01호선,P174,排芳,ペバン,36.7776965014173,127.052788090648
1722,서정리,Seojeong-ri,01호선,P163,西井里,ソジョンニ,37.0565637021655,127.052881703722
1721,송탄,Songtan,01호선,P162,松炭,ソンタン,37.0757126572027,127.05428046136659
1727,두정,Dujeong,01호선,P168,斗井,トゥジョン,36.833981274461074,127.14894257701431
0203,을지로3가,Euljiro 3(sam)-ga,02호선,203,乙支路三街,ウルチロサムガ,37.56629149790628,126.99098443539428
0211,성수,Seongsu,02호선,211,?水,ソンス,37.547241554679,127.04738727881
0226,사당,Sadang,02호선,226,舍堂,サダン,37.47656223234824,126.98155858357366
0202,을지로입구,Euljiro 1(il)-ga,02호선,202,乙支路入口,ウルチロイック,37.566035517712955,126.9821953112953
0224,서초,Seocho,02호선,224,瑞草,ソチョ,37.4927431676548,127.013867969161
0235,문래,Mullae,02호선,235,文來,ムンレ,37.5179757181801,126.894778820701
0245,신답,Sindap,02호선,211-2,新踏,シンダプ,37.5698386846442,127.047080117369
0219,삼성,Samseong,02호선,219,三成(?展中心),サムソン(三成),37.508822740225305,127.06302321147605
0231,신대방,Sindaebang,02호선,231,新大方,シンデバン,37.48765046104574,126.91350747615147
0236,영등포구청,Yeongdeungpo-gu Office,02호선,236,永登浦??,ヨンドゥンポグチョン,37.5258305311402,126.89667739939
0248,양천구청,Yangcheon-gu Office,02호선,234-2,?川??,ヤンチョングチョン,37.5123888716808,126.865722369229
0210,뚝섬,Ttukseom,02호선,210,纛?,トゥッソム,37.547241554679,127.04738727881
0204,을지로4가,Euljiro 4(sa)-ga,02호선,204,乙支路四街,ウルチロサガ,37.5666405038268,126.997632059113
0229,봉천,Bongcheon,02호선,229,奉天,ポンチョン,37.4770932409965,126.963523905001
0243,충정로,Chungjeongno,02호선,243,忠正路(京畿大?),チュンジョンノ,37.56042867918723,126.96303964820936
0230,신림,Sillim,02호선,230,新林,シンリム,37.484267135140364,126.9297453749671
0223,교대,Seoul Nat`l Univ. of Education,02호선,223,首??育大?,キョデ,37.4927431676548,127.013867969161
0209,한양대,Hanyang Univ.,02호선,209,??大?,ハニャンデ,37.5557159860408,127.043639802768
0228,서울대입구,Seoul Nat`l Univ.,02호선,228,首?大?(冠岳??),ソウルデイック,37.4812845080678,126.952713197762
0222,강남,Gangnam,02호선,222,江南,カンナム,37.49808633653005,127.02800140627488
0238,합정,Hapjeong,02호선,238,合井,ハプチョン,37.54991315995173,126.91445406513526
0221,역삼,Yeoksam,02호선,221,?三,ヨッサム,37.49808633653005,127.02800140627488
0220,선릉,Seolleung,02호선,220,宣陵,ソンルン,37.504497373023206,127.04896282498558
0216,잠실,Jamsil,02호선,216,쒧室(松坡??),チャムシル,37.5116263587296,127.086314327913
0215,잠실나루,Jamsillaru,02호선,215,쒧室渡口,チャムシルナル,37.5207124124456,127.103808749487
0214,강변,Gangbyeon,02호선,214,江?(?首?客?站),カンビョン,37.5351180385975,127.094741101863
0207,상왕십리,Sangwangsimni,02호선,207,上往十里,サンワンシムニ,,
0206,신당,Sindang,02호선,206,新堂,シンダン,37.5545053994984,127.010891666957
0249,신정네거리,Sinjeongnegeori,02호선,234-3,新亭十字路口,シンジョンネゴリ,37.5202231231721,126.852889567642
0205,동대문역사문화공원,Dongdaemun History  Culture Park,02호선,205,?大??史文化公?(DDP),トンデムンヨクサムンファゴンウォン(DDP),37.56566440553802,127.00900417014896
0201,시청,City Hall,02호선,201,市廳,シチョン,37.56534539636417,126.97719821079865
0200,까치산,Kkachisan,02호선,234-4,喜?山,カチサン,37.5322306724471,126.846444264065
0247,도림천,Dorimcheon,02호선,234-1,道林川,トリムチョン,37.5145080414761,126.882649092584
0244,용답,Yongdap,02호선,211-1,?踏,ヨンダプ,37.5616038910656,127.06370373106944
0233,대림,Daerim,02호선,233,大林(九老??),テリム,37.4928430008915,126.896722858042
0246,신설동,Sinseol-dong,02호선,211-4,新設洞,シンソルトン,37.5760299683175,127.024456700382
0234,신도림,Sindorim,02호선,234,新道林,シンドリム,37.508908482648,126.891312500851
0242,아현,Ahyeon,02호선,242,阿?,アヒョン,37.5445416897534,126.951451177648
0241,이대,Ewha Womans Univ.,02호선,241,梨花女子大?,イデ,37.556814718869,126.94642954546576
0217,잠실새내,Jamsilsaenae,02호선,217,쒧室新川,チャムシルセネ,37.5116263587296,127.086314327913
0240,신촌,Sinchon,02호선,240,新村,シンチョン(新村),37.555198169366435,126.93698075993808
0239,홍대입구,Hongik Univ.,02호선,239,弘益大?,ホンデイック,37.5568707448873,126.923778562273
0232,구로디지털단지,Guro Digital Complex,02호선,232,九老????,クロ·デジタルダンジ,37.4852605752505,126.901473080039
0208,왕십리,Wangsimni,02호선,208,往十里,ワンシムニ,37.561268363317176,127.03710337610202
0250,용두,Yongdu,02호선,211-3,??(?大???),ヨンドゥ,37.5740621283646,127.038275698211
0237,당산,Dangsan,02호선,237,堂山,タンサン,37.5347843171332,126.902611795523
0213,구의,Guui,02호선,213,九宜,クイ,37.5351180385975,127.094741101863
0212,건대입구,Konkuk Univ.,02호선,212,建?大?,コンデイック,37.54040751726388,127.06920291650829
0218,종합운동장,Sports Complex,02호선,218,?合???,チョンハブンドンジャン,37.5111446632705,127.073849447402
0227,낙성대,Nakseongdae,02호선,227,落星垈,ナクソンデ,37.4770932409965,126.963523905001
0225,방배,Bangbae,02호선,225,方背,パンベ,37.4867995957995,126.982211871752
1948,원흥,Wonheung,03호선,317,元興,ウォンフン,37.6506921774602,126.87302523491
1955,마두,Madu,03호선,312,馬頭,馬頭,37.659480619983,126.773405960872
0318,안국,Anguk,03호선,328,安?,アングク,37.57650192060523,126.98542143228659
0321,충무로,Chungmuro,03호선,331,忠武路,チュンムロ,37.56139658395457,126.99414960395544
0320,을지로3가,Euljiro 3(sam)-ga,03호선,330,乙支路三街,ウルチロサムガ,37.56629149790628,126.99098443539428
0333,매봉,Maebong,03호선,343,梅峰,メボン,37.4869394661317,127.046711448388
0322,동대입구,Dongguk Univ.,03호선,332,??大?,トンデイック,37.55905581925076,127.00531600900922
0335,대치,Daechi,03호선,345,大峙,テチ,37.4962857047653,127.052909749417
0336,학여울,Hangnyeoul,03호선,346,??,ハンニョウル,37.4968851977644,127.071166599707
0325,옥수,Oksu,03호선,335,玉水,オクス,37.5415662783673,127.017393782846
0326,압구정,Apgujeong,03호선,336,狎?亭,アックジョン,37.52649127416921,127.02850865895756
0319,종로3가,Jongno 3(sam)-ga,03호선,329,?路三街,チョンノサムガ,37.570420844523,126.992153252476
0327,신사,Sinsa,03호선,337,新沙,シンサ,37.51643597531432,127.02030856272764
0341,경찰병원,National Police Hospital,03호선,351,警察?院,キョンチャル·ピョンウォン,37.4960049150853,127.124482397777
0328,잠원,Jamwon,03호선,338,쒧院,チャムォン,37.5081614290284,127.011586161943
0337,대청,Daecheong,03호선,347,大?,テチョン,37.49370832148055,127.07952812085006
0342,오금,Ogeum,03호선,352,梧琴,オグム,37.5021388575469,127.127953219596
0329,고속터미널,Express Bus Terminal,03호선,339,高速巴士客?站,コソクタ?ミナル,37.50454885557265,127.00512100872538
0330,교대,Seoul Nat`l Univ. of Education,03호선,340,首??育大?,キョデ?,37.4927431676548,127.013867969161
0331,남부터미널,Nambu Bus Terminal,03호선,341,南部客?站,ナンブタ?ミナル,37.4851996335293,127.01620028391
0338,일원,Irwon,03호선,348,逸院,イルォン,37.4839886684666,127.084129757128
0339,수서,Suseo,03호선,349,水西,スソ,37.487459640349336,127.10205874359781
0340,가락시장,Garak Market,03호선,350,可?市?,カラク·シジャン,37.4930992522183,127.118262745146
0309,지축,Jichuk,03호선,319,?杻,チチュク,37.6481486423031,126.913854269202
0310,구파발,Gupabal,03호선,320,?把?,クパバル,37.6364357889145,126.918852820009
0311,연신내,Yeonsinnae,03호선,321,延新川,ヨンシンネ,37.6192032466353,126.921100704496
0312,불광,Bulgwang,03호선,322,佛光,プルグァン,37.6192032466353,126.921100704496
0313,녹번,Nokbeon,03호선,323,碌磻,ノッポン,37.6008067681825,126.935828008217
0314,홍제,Hongje,03호선,324,弘?,ホンジェ,37.5887953806088,126.944158007985
0315,무악재,Muakjae,03호선,325,毋岳?,ムアクチェ,37.5825632263526,126.950230954136
0316,독립문,Dongnimmun,03호선,326,?立?,トンニンムン,37.57446627898665,126.95791371132584
0317,경복궁,Gyeongbokgung,03호선,327,景福?(政府首??舍),キョンボックン,37.5758061234865,126.973691352767
0324,금호,Geumho,03호선,334,金湖,クムホ,37.548260922874086,127.01582916945283
1958,대화,Daehwa,03호선,309,大化,大化,37.676157377075,126.747500970967
1952,화정,Hwajeong,03호선,315,花井,花井,37.6346440058753,126.832688422366
0323,약수,Yaksu,03호선,333,?水,ヤクス,37.5545053994984,127.010891666957
0334,도곡,Dogok,03호선,344,道谷,トゴク,37.48457681195669,127.03416413380752
0332,양재,Yangjae,03호선,342,良才(瑞草??),ヤンジェ,37.4834655780476,127.035154074503
1950,삼송,Samsong,03호선,318,三松,三松,37.65326511526386,126.89573389994084
1954,백석,Baekseok,03호선,313,白石,白石,37.6429623651607,126.788131509803
1957,주엽,Juyeop,03호선,310,注葉,注葉,37.6701494878278,126.761263524195
1951,원당,Wondang,03호선,316,元堂,元堂,37.6026594619533,126.697919747096
1956,정발산,Jeongbalsan,03호선,311,鼎鉢山,鼎鉢山,37.67193317670881,126.78651327978358
1953,대곡,Daegok,03호선,314,大谷,大谷,35.8095726496598,128.512766290689
1763,수리산,Surisan,04호선,445,修理山,スリサン,37.3505579695805,126.92563095069
1755,한대앞,Hanyang Univ. at Ansan,04호선,449,??大?,ハンデアプ,37.309429480381965,126.85402320176591
0429,신용산,Sinyongsan,04호선,429,新?山,シニョンサン,37.5292591489375,126.967965039183
1451,경마공원,Seoul Racecourse Park,04호선,436,??公?,キョンマゴンウォン,37.4439629881231,127.007838042533
1452,대공원,Seoul Grand Park,04호선,437,首?大公?,テゴンウォン,37.4360557449009,127.006752481821
1455,인덕원,Indeogwon,04호선,440,仁德院,インドグォン,37.4014941709597,126.976679855187
0428,삼각지,Samgakji,04호선,428,三角地,サムガクチ,37.5344393447708,126.972922951307
0427,숙대입구,Sookmyung Women`s Univ.,04호선,427,淑明女子大?(葛月),スクテイック,37.5445952301115,126.972118127373
0415,미아,Mia,04호선,415,?阿(首???大?),ミア,37.61327836400571,127.03008663628454
0423,충무로,Chungmuro,04호선,423,忠武路,チュンムロ,37.56139658395457,126.99414960395544
0416,미아사거리,Miasageori,04호선,416,?阿十字路口,ミアサゴリ,37.61327836400571,127.03008663628454
0419,한성대입구,Hansung Univ.,04호선,419,?城大?,ハンソンデイック,37.58842461354086,127.00601781685579
0421,동대문,Dongdaemun,04호선,421,?大?,トンデムン,37.5616038910656,127.06370373106944
0424,명동,Myeong-dong,04호선,424,明洞,ミョンドン,37.56096526943837,126.98640235001736
1756,중앙,Jungang,04호선,450,中央,チュンアン,37.31599451967913,126.83883035405907
1752,대야미,Daeyami,04호선,446,大夜味,テヤミ,37.327965125951,126.916897519557
1751,산본,Sanbon,04호선,444,山本,サンボン,37.3580193085257,126.933046329836
0412,창동,Chang-dong,04호선,412,?洞,チャンドン,37.6485426057036,127.03465609756
0422,동대문역사문화공원,Dongdaemun History  Culture Park,04호선,422,?大??史文化公?,トンデムンヨクサムンファゴンウォン,37.56566440553802,127.00900417014896
1453,과천,Gwacheon,04호선,438,果川,クァチョン,37.4265047272927,126.989868044926
0430,이촌,Ichon,04호선,430,二村,イチョン,37.52241291408466,126.97354382085399
1454,정부과천청사,Government Complex Gwacheon,04호선,439,政府果川?舍,チョンブ·クァチョンチョンサ,37.4265047272927,126.989868044926
1758,초지,Choji,04호선,452,草芝,チョジ,37.3204403767323,126.80647314589804
1757,고잔,Gojan,04호선,451,古?,コジャン,37.31599451967913,126.83883035405907
1759,안산,Ansan,04호선,453,安山,アンサン,37.32685867641246,126.7892163493839
0411,노원,Nowon,04호선,411,芦原,ノウォン,37.61500552731744,127.06568946412851
0431,동작,Dongjak,04호선,431,?雀(?忠院),トンジャク,37.47656223234824,126.98155858357366
0433,사당,Sadang,04호선,433,舍堂,サダン,37.47656223234824,126.98155858357366
0434,남태령,Namtaeryeong,04호선,434,南泰?,ナムテリョン,37.4642499558525,126.989085267707
0420,혜화,Hyehwa,04호선,420,惠化,ヘファ,37.58204391787134,127.00194500977393
1450,선바위,Seonbawi,04호선,435,立岩,ソンバウィ,37.451747988798516,127.00222869400723
0432,총신대입구,Chongshin Univ.,04호선,432,?神大?,チョンシンデイック,37.4867995957995,126.982211871752
0418,성신여대입구,Sungshin Women`s Univ.,04호선,418,?信女子大?(敦岩),ソンシンヨデイック,37.59296812939267,127.0171260607647
1753,반월,Banwol,04호선,447,半月,パヌォル,37.3123817631801,126.90382444207
1754,상록수,Sangnoksu,04호선,448,常??,サンロッス,37.30285235924208,126.8666056400078
0417,길음,Gireum,04호선,417,吉音,キルム,37.603394782316634,127.02506019737066
0413,쌍문,Ssangmun,04호선,413,??,サンムン,37.6485426057036,127.03465609756
0410,상계,Sanggye,04호선,410,上溪,サンゲ,37.6563403513278,127.063449137455
1760,신길온천,Neunggil,04호선,454,新吉?泉,シンギル·オンチョン,37.33737450574518,126.76752183250063
0409,불암산,Buramsan,04호선,409,佛岩山,プラムサン,37.67021773630595,127.07906662027122
0408,별내별가람,Byeollae Byeolgaram,04호선,408,別內星江,ピョルネビョルガラム,37.6678462120372,127.116241994779
0406,오남,Onam,04호선,406,梧 南,オナム,37.7051635201214,127.191104897113
0425,회현,Hoehyeon,04호선,425,??(南大?市?),フェヒョン,37.55876114587941,126.9784372569283
1457,범계,Beomgye,04호선,442,凡溪,ポムゲ,37.3897837540429,126.950783269518
1761,정왕,Jeongwang,04호선,455,正往,チョンワン,37.351701334544885,126.74335018635819
1458,금정,Geumjeong,04호선,443,衿井,クムジョン,35.22964948660202,129.08942537773808
1456,평촌,Pyeongchon,04호선,441,坪村,ピョンチョン,37.39423950914369,126.9638080221341
0405,진접,Jinjeop,04호선,405,榛接,チンジョプ,37.7199083469452,127.203247263047
1762,오이도,Oido,04호선,456,?耳?,オイド,37.36170269464333,126.73840352940697
0426,서울역,Seoul Station,04호선,426,首?站,ソウルヨク,37.55597933890212,126.97209238331357
0414,수유,Suyu,04호선,414,水逾(江北??),スユ,37.63788539420793,127.02550910860451
2518,화곡,Hwagok,05호선,517,禾谷,ファゴク,37.5416507925709,126.840455026335
2566,하남검단산,Hanam Geomdansan,05호선,558,河南黔丹山,ハナムゴムダンサン,37.5398032640088,127.223219337317
2565,하남시청,Hanam City Hall,05호선,557,河南市?,ハナムシチョン,37.5419775122576,127.206298162203
2562,강일,Gangil,05호선,554,江一,カンイル,37.5574259795986,127.175680183486
2561,마천,Macheon,05호선,P555,?川,マチョン,37.4950381629493,127.152859864985
2559,개롱,Gaerong,05호선,P553,??,ケロン,37.497968278388235,127.13507959838425
2558,오금,Ogeum,05호선,P552,梧琴,オグム,37.5021388575469,127.127953219596
2556,올림픽공원,Olympic Park,05호선,P550,?林匹克公?,オリンピックゴンウォン,37.5163389870117,127.130963675401
2555,둔촌동,Dunchon-dong,05호선,P549,遁村洞,トゥンチョンドン,37.52765684247226,127.13621464981398
2553,고덕,Godeok,05호선,552,高德,コドク,37.55504766830918,127.15416500963447
2552,명일,Myeongil,05호선,551,明逸,ミョンイル,37.5513978958277,127.14404374474
2551,굽은다리,Gubeundari,05호선,550,曲?,クブンダリ,37.54551759022203,127.14288387331297
2550,길동,Gil-dong,05호선,549,吉洞,キルトン,37.5378264874159,127.140021295948
2549,강동,Gangdong,05호선,548,江?,カンドン,37.5385112120297,127.12392845044
2547,광나루,Gwangnaru,05호선,546,?渡口,クァンナル,37.5452991715677,127.103521464507
2545,군자,Gunja,05호선,544,君子,クンジャ,37.557151488837924,127.0795106156054
2544,장한평,Janghanpyeong,05호선,543,??坪,チャンハンピョン,37.5616038910656,127.06370373106944
2542,마장,Majang,05호선,541,??,マジャン,37.5661389565959,127.042984855663
2541,왕십리,Wangsimni,05호선,540,往十里,ワンシムニ,37.561268363317176,127.03710337610202
2540,행당,Haengdang,05호선,539,杏堂,ヘンダン,37.561268363317176,127.03710337610202
2539,신금호,Singeumho,05호선,538,新金湖,シングムホ,37.55447619249223,127.02049316578315
2537,동대문역사문화공원,Dongdaemun History  Culture Park,05호선,536,?大??史文化公?,トンデムンヨクサムンファゴンウォン,37.56566440553802,127.00900417014896
2536,을지로4가,Euljiro 4(sa)-ga,05호선,535,乙支路四街,ウルチロサガ,37.5666405038268,126.997632059113
2535,종로3가,Jongno 3(sam)-ga,05호선,534,?路三街,チョンノサムガ,37.570420844523,126.992153252476
2534,광화문,Gwanghwamun,05호선,533,光化?,クァンファムン,37.57164860977568,126.97642427981408
2532,충정로,Chungjeongno,05호선,531,忠正路,チュンジョンノ,37.56042867918723,126.96303964820936
2530,공덕,Gongdeok,05호선,529,孔德,コンドク,37.5445416897534,126.951451177648
2526,신길,Singil,05호선,525,新吉,シンギル,37.51678703217714,126.91836721069228
2524,영등포구청,Yeongdeungpo-gu Office,05호선,523,永登浦??,ヨンドゥンポグチョン,37.5258305311402,126.89667739939
2520,신정,Sinjeong,05호선,519,新亭,シンジョン,37.5202231231721,126.852889567642
2548,천호,Cheonho,05호선,547,千戶,チョンホ,37.5385112120297,127.12392845044
2519,까치산,Kkachisan,05호선,518,喜?山,カチサン,37.5322306724471,126.846444264065
2538,청구,Cheonggu,05호선,537,?丘,チョング,37.5609165488093,127.014165812912
2517,우장산,Ujangsan,05호선,516,雨씉山,ウジャンサン,37.54881618721654,126.83632627213518
2522,오목교,Omokgyo,05호선,521,梧木?,オモッキョ,37.5245340839144,126.875307312696
2521,목동,Mok-dong,05호선,520,木洞,モクトン,37.5245340839144,126.875307312696
2514,송정,Songjeong,05호선,513,松亭,ソンジョン,35.13749210013527,126.7915362644601
2525,영등포시장,Yeongdeungpo Market,05호선,524,永登浦市?,ヨンドゥンポシジャン,37.522709383885,126.905179566968
2512,개화산,Gaehwasan,05호선,511,?花山,ケファサン,37.5725371505293,126.806814314979
2513,김포공항,Gimpo Intl. Airport,05호선,512,金浦机?,キンポゴンハン,37.56196757232288,126.80191361988808
2516,발산,Balsan,05호선,515,?山,パルサン,37.558677743241596,126.83773640693936
2557,방이,Bangi,05호선,P551,芳荑,パンイ,37.5163389870117,127.130963675401
2515,마곡,Magok,05호선,514,麻谷,マゴク,37.5667126094974,126.827420928424
2511,방화,Banghwa,05호선,510,傍花,パンファ,37.56196757232288,126.80191361988808
2554,상일동,Sangil-dong,05호선,553,上一洞,サンイルトン,37.5566778757215,127.165905758209
2531,애오개,Aeogae,05호선,530,??,エオゲ,37.5534131497489,126.956669363197
2523,양평,Yangpyeong,05호선,522,?坪,ヤンピョン,37.5459634283124,127.329138380916
2564,하남풍산,Hanam Pungsan,05호선,556,河南쎱山,ハナンプンサン,,
2543,답십리,Dapsimni,05호선,542,踏十里,タプシムニ,37.56697480965114,127.05256127651293
2529,마포,Mapo,05호선,528,麻浦,マポ,37.5568707448873,126.923778562273
2563,미사,Misa,05호선,555,渼沙,ミサ,37.562991348199,127.192490980441
2546,아차산,Achasan,05호선,545,峨嵯山,アチャサン,37.55224917071854,127.08956495447913
2533,서대문,Seodaemun,05호선,532,西大?,ソデムン,37.555198169366435,126.93698075993808
2527,여의도,Yeouido,05호선,526,汝矣?,ヨイド,37.5211700890445,126.92466104293
2528,여의나루,Yeouinaru,05호선,527,汝矣渡口,ヨイナル,37.5271469489465,126.93298596744
2560,거여,Geoyeo,05호선,P554,巨余,コヨ,37.4933304500736,127.143773841911
2615,연신내,Yeonsinnae,06호선,614,延新川,ヨンシンネ,37.6192032466353,126.921100704496
2641,고려대,Korea Univ.,06호선,640,高?大?,コリョデ,37.59044191064368,127.03630828564728
2617,새절,Saejeol,06호선,616,?折,セジョル,37.5908600479967,126.913580663181
2645,석계,Seokgye,06호선,644,石溪,ソッケ,37.61500552731744,127.06568946412851
2618,증산,Jeungsan,06호선,617,?山,チュンサン,37.57601374718818,126.90127778415635
2629,삼각지,Samgakji,06호선,628,三角地,サムガクチ,37.5344393447708,126.972922951307
2628,효창공원앞,Hyochang park,06호선,627,孝昌公?,ヒョチャンゴンウォンアプ,37.5393087503306,126.96139810075
2620,월드컵경기장,World Cup Stadium,06호선,619,世界杯?育?,ワ?ルドカップ·キョンギジャン,37.5696355653344,126.899098148061
2647,화랑대,Hwarangdae,06호선,646,花郞台,ファランデ,37.61984245540276,127.08354181123269
2642,월곡,Wolgok,06호선,641,月谷,ウォルゴク,37.6018044172918,127.041460725816
2630,녹사평,Noksapyeong,06호선,629,?莎坪,ノッサピョン,37.5347227952064,126.9865496751
2624,상수,Sangsu,06호선,623,上水,サンス,37.54776618366393,126.92242989321456
2616,구산,Gusan,06호선,615,?山,クサン,37.61124669148435,126.91725947715172
2634,약수,Yaksu,06호선,633,?水,ヤッス,37.5545053994984,127.010891666957
2626,대흥,Daeheung,06호선,625,大?,テフン,36.32866530912132,127.4258281669503
2648,봉화산,Bonghwasan,06호선,647,烽火山,ポンファサン,37.617350836302734,127.09136011564394
2644,돌곶이,Dolgoji,06호선,643,石串,トルゴジ,37.61054501416126,127.0564381246322
2646,태릉입구,Taereung,06호선,645,泰陵,テルンイック,37.618459513199,127.075405300578
2632,한강진,Hangangjin,06호선,631,?江?,ハンガンジン,37.5397907743775,127.001765135176
2619,디지털미디어시티,Digital Media City,06호선,618,??媒?城,デジタルメディアシティ,37.57601374718818,126.90127778415635
2625,광흥창,Gwangheungchang,06호선,624,???,クァンフンチャン,37.54748648317645,126.93202965599583
2613,불광,Bulgwang,06호선,612,佛光,プルグァン,37.6192032466353,126.921100704496
2636,신당,Sindang,06호선,635,新堂,シンダン,37.5545053994984,127.010891666957
2623,합정,Hapjeong,06호선,622,合井,ハプチョン,37.54991315995173,126.91445406513526
2622,망원,Mangwon,06호선,621,望?,マンウォン,37.5560826563712,126.910094329982
2649,신내,Sinnae,06호선,648,新內,シンネ,37.617350836302734,127.09136011564394
2627,공덕,Gongdeok,06호선,626,孔德,コンドク,37.5445416897534,126.951451177648
2621,마포구청,Mapo-gu Office,06호선,620,麻浦??,マポグチョン,37.5634871865932,126.903425598797
2633,버티고개,Beotigogae,06호선,632,波堤?,ポティゴゲ,37.5478275106099,127.006730866101
2638,창신,Changsin,06호선,637,昌信,チャンシン,37.571669405802616,127.01063381083677
2639,보문,Bomun,06호선,638,普?,ポムン,37.585541696968,127.020003515933
2640,안암,Anam,06호선,639,安岩,アナム,37.586307417971,127.029233420248
2631,이태원,Itaewon,06호선,630,梨泰院,イテウォン,37.5345252050511,126.994333861918
2637,동묘앞,Dongmyo,06호선,636,??,トンミョアプ,37.5732166600283,127.016364227103
2643,상월곡,Sangwolgok,06호선,642,上月谷,サンウォルゴク,37.6065588265169,127.048829192974
2611,응암,Eungam,06호선,610,?岩,ウンアム,37.5984928632876,126.9155399209037
2612,역촌,Yeokchon,06호선,611,?村,ヨクチョン,37.61124669148435,126.91725947715172
2635,청구,Cheonggu,06호선,634,?丘,チョング,37.5609165488093,127.014165812912
2614,독바위,Dokbawi,06호선,613,瓮岩,トッパウィ,37.6184141599944,126.933053652461
2717,하계,Hagye,07호선,715,下溪,ハゲ,37.6364765391858,127.067991278758
2723,면목,Myeonmok,07호선,721,面牧,ミョンモク,37.5809403751459,127.088504554212
2722,상봉,Sangbong,07호선,720,上?(市外巴士客?站),サンボン??,37.5992960295399,127.092367383432
2721,중화,Junghwa,07호선,719,中和,チュンファ,37.6025526943256,127.079312037122
2720,먹골,Meokgol,07호선,718,墨谷,モッコル,37.6106193846197,127.077762187968
2719,태릉입구,Taereung,07호선,717,泰陵,テルンイック,37.618459513199,127.075405300578
2716,중계,Junggye,07호선,714,中溪,チュンゲ,37.6450921230569,127.06411035896
2715,노원,Nowon,07호선,713,芦原,ノウォン,37.61500552731744,127.06568946412851
2732,강남구청,Gangnam-gu Office,07호선,730,江南??,カンナムグチョン,37.51721617197854,127.0413109462156
2714,마들,Madeul,07호선,712,?得,マドゥル,37.6652017465321,127.057712619869
2733,학동,Hak-dong,07호선,731,?洞,ハクトン,35.1393018227168,126.922978672689
2734,논현,Nonhyeon,07호선,732,??,ノンヒョン,37.51643597531432,127.02030856272764
2736,고속터미널,Express Bus Terminal,07호선,734,高速巴士客?站,コソクタ?ミナル,37.50454885557265,127.00512100872538
2738,이수,Isu,07호선,736,梨水,イス,37.48528852311765,126.98167629035197
2739,남성,Namseong,07호선,737,南城,ナムソン,37.484793511299706,126.97091020065321
2740,숭실대입구,Soongsil Univ.,07호선,738,崇?大?(?毗?),スンシルデイック,37.4963172817574,126.953621963422
2742,장승배기,Jangseungbaegi,07호선,740,?丞拜基,チャンスンベギ,37.5048990621814,126.939072381356
2713,수락산,Suraksan,07호선,711,水落山,スラッサン,37.6778814656816,127.055350968781
2743,신대방삼거리,Sindaebang  samgeori,07호선,741,新大方丁字路口,シンデバンサムゴリ,37.499757228908564,126.92821094566965
2744,보라매,Boramae,07호선,742,波拉美,ポラメ,37.49992085496506,126.92061230710924
2746,대림,Daerim,07호선,744,大林,テリム,37.4928430008915,126.896722858042
2747,남구로,Namguro,07호선,745,南九老,ナムグロ,37.48625714438263,126.88741505160269
2748,가산디지털단지,Gasan Digital Complex,07호선,746,加山????,カサン·デジタルダンジ,37.4803959660982,126.882661758356
2750,광명사거리,Gwangmyeongsageori,07호선,748,光明十字路口,クァンミョンサゴリ,37.4792983082726,126.854873735158
2712,도봉산,Dobongsan,07호선,710,道峰山,トボンサン,37.68951167833238,127.04606271663916
2711,장암,Jangam,07호선,709,?岩,チャンアム,37.699956566426,127.052818310578
3760,굴포천,Gulpocheon,07호선,758,掘浦川,クルポチョン,37.50704649360379,126.7313475774674
3759,삼산체육관,Samsan Gymnasium,07호선,757,三山?育?,サムサン·チェユックァン,37.50650314706075,126.7414221320359
3763,석남,Seongnam,07호선,761,石南,石南,37.5062431189861,126.676149271119
3762,산곡,Sangok,07호선,760,山谷,サンゴク,37.5086071956774,126.703543714352
3761,부평구청,Bupyeong-gu Office,07호선,759,富平??,プピョングチョン,37.50743350044892,126.72143971800028
2729,건대입구,Konkuk Univ.,07호선,727,建?大?,コンデイック,37.54040751726388,127.06920291650829
2718,공릉,Gongneung,07호선,716,孔陵,コンヌン,37.618459513199,127.075405300578
2725,용마산,Yongmasan,07호선,723,??山,ヨンマサン,37.57366797492471,127.08671982507775
3758,상동,Sang-dong,07호선,756,上洞,サンドン,37.50578860265,126.753192450274
3757,부천시청,Bucheon City Hall,07호선,755,富川市?,プチョンシチョン,37.50465563053715,126.76401384887843
3756,신중동,Sinjung-dong,07호선,754,新中洞,シンジュンドン,37.50295164139924,126.77689833819102
3755,춘의,Chunui,07호선,753,春衣,チュニ,37.50369919594287,126.78699775795889
3754,부천종합운동장,Bucheon Stadium,07호선,752,富川?合???,プチョンジョンハブンドンジャン,37.50542641602307,126.7972349705182
3753,까치울,Kkachiul,07호선,751,喜?屋,カチウル,37.506227351130065,126.81133962285816
2731,청담,Cheongdam,07호선,729,?潭,チョンダム,37.519455579961,127.053717937903
2745,신풍,Sinpung,07호선,743,新쎱,シンプン,37.5001229935524,126.90975434386
2741,상도,Sangdo,07호선,739,上道,サンド,37.5048990621814,126.939072381356
2737,내방,Naebang,07호선,735,內方,ネバン,35.15159570722761,126.86953837305741
2749,철산,Cheolsan,07호선,747,?山,チョルサン,37.4761928424537,126.868211027014
2751,천왕,Cheonwang,07호선,749,天旺,チョヌァン,37.48685558277736,126.83860534807998
2752,온수,Onsu,07호선,750,?水,オンス,37.4919675365056,126.823847928009
2735,반포,Banpo,07호선,733,?浦,パンポ,37.50454885557265,127.00512100872538
2724,사가정,Sagajeong,07호선,722,四佳亭,サガジョン,37.5809403751459,127.088504554212
2730,자양,Jayang,07호선,728,紫?,チャヤン,37.54040751726388,127.06920291650829
2728,어린이대공원,Children`s  Grand Park,07호선,726,?童大公?,オリニ·テゴンウォン,37.54796087622509,127.07465525507352
2727,군자,Gunja,07호선,725,君子,クンジャ,37.557151488837924,127.0795106156054
2726,중곡,Junggok,07호선,724,中谷,チュンゴク,37.55745501860533,127.07966825326926
2826,수진,Sujin,08호선,826,??,スジン,37.4340382896277,127.129970457799
2827,모란,Moran,08호선,827,牡丹,モラン,37.4340382896277,127.129970457799
2823,남한산성입구,Namhansanseong,08호선,823,南?山城,ナムハンサンソンイック,37.4516686968693,127.159882577768
2817,송파,Songpa,08호선,816,松坡,ソンパ,37.51331105877401,127.10023101886318
2818,가락시장,Garak Market,08호선,817,可?市?,カラク·シジャン,37.4930992522183,127.118262745146
2810,암사역사공원,Amsa History Park,08호선,809,岩寺?史公?,アムサヨクサゴンウォン,37.5571837185175,127.137563111896
2809,장자호수공원,Jangja Lake Park,08호선,808,?者湖水公?,チャンジャホスゴンウォン,37.5875774304238,127.137933784452
2808,구리,Guri,08호선,807,九里,クリ,37.603268938528196,127.14335098072823
2819,문정,Munjeong,08호선,818,文井,ムンジョン,37.4860310539381,127.122484886901
2820,장지,Jangji,08호선,819,?旨,チャンジ,37.47074367341675,127.12672175187316
2821,복정,Bokjeong,08호선,820,福井,ポクチョン,37.4627230752808,127.139350997519
2807,동구릉,Donggureung,08호선,806,?九陵,トングルン,37.6110490478693,127.13800203872
2828,남위례,Namwirye,08호선,821,南慰?,ナムィレ,37.4627230752808,127.139350997519
2806,다산,Dasan,08호선,805,茶山,タサン,37.6242782781657,127.14979716054
2805,별내,Byeollae,08호선,804,別內,ピョルネ,37.642067071704496,127.1269691476328
2822,산성,Sanseong,08호선,822,山城,サンソン,37.456881468719025,127.14994186233623
2813,강동구청,Gangdong-gu Office,08호선,812,江???,カンドングチョン,37.5302111983522,127.12044373032
2814,몽촌토성,Mongchontoseong,08호선,813,?村土城,モンチョントソン,37.5178055794687,127.11286534895457
2815,잠실,Jamsil,08호선,814,쒧室,チャムシル,37.5116263587296,127.086314327913
2816,석촌,Seokchon,08호선,815,石村,ソクチョン,37.5054141216925,127.107004062699
2812,천호,Cheonho,08호선,811,千戶,チョンホ,37.5385112120297,127.12392845044
2824,단대오거리,Dandaeogeori,08호선,824,丹垈五?路口,タンデオゴリ,37.44502248894697,127.156769790167
2811,암사,Amsa,08호선,810,岩寺,アムサ,37.55015818096496,127.12754072968517
2825,신흥,Sinheung,08호선,825,新?,シンフン,37.4409230460675,127.147538132656
4132,석촌고분,Seokchon Gobun,09호선,932,石村古?,ソクチョンコブン,37.50246245994369,127.0965081858022
4101,개화,Gaehwa,09호선,901,開化,ケファ,37.5783445148797,126.796891362602
4112,선유도,Seonyudo,09호선,912,仙游?,ソニュド,37.53815865606546,126.89333386450167
4102,김포공항,Gimpo Intl. Airport,09호선,902,金浦机?,キンポゴンハン,37.56196757232288,126.80191361988808
4117,노량진,Noryangjin,09호선,917,?梁津,ノリャンジン,37.5135856714992,126.940893179777
4103,공항시장,Airport Market,09호선,903,空港市?,コンハンシジャン,37.56368922800772,126.81060964296609
4107,가양,Gayang,09호선,907,加?,カヤン,37.56143311719883,126.85442142615852
4119,흑석,Heukseok,09호선,919,黑石,フッソク,37.5091654719404,126.963463063008
4131,삼전,Samjeon,09호선,931,三田,サムジョン,37.50246245994369,127.0965081858022
4122,신반포,Sinbanpo,09호선,922,新?浦,シンバンポ,37.5035091412544,126.996082392175
4121,구반포,Gubanpo,09호선,921,??浦,クバンポ,37.5014398319603,126.987464905696
4111,신목동,Sinmokdong,09호선,911,新木洞,シンモクトン,37.5442883741577,126.883095790252
4110,염창,Yeomchang,09호선,910,??,ヨムチャン,37.546982941543,126.874871603971
4109,등촌,Deungchon,09호선,909,登村,トゥンチョン,37.56143311719883,126.85442142615852
4129,봉은사,Bongeunsa,09호선,929,奉恩寺,ポンウンサ,37.5142554489848,127.060233935114
4113,당산,Dangsan,09호선,913,堂山,タンサン,37.5347843171332,126.902611795523
4120,동작,Dongjak,09호선,920,?雀,トンジャク,37.47656223234824,126.98155858357366
4124,사평,Sapyeong,09호선,924,砂平,サピョン,37.5042326273953,127.015272484531
4123,고속터미널,Express Bus Terminal,09호선,923,高速巴士客?站,コソクタ?ミナル,37.50454885557265,127.00512100872538
4105,마곡나루,Magongnaru,09호선,905,麻谷渡口,マゴンナル,37.5667126094974,126.827420928424
4104,신방화,Sinbanghwa,09호선,904,新傍花,シンバンファ,37.56748745669626,126.81723757150974
4106,양천향교,Yangcheon Hyanggyo,09호선,906,?川?校,ヤンチョンヒャンギョ,37.5680808809647,126.841978835328
4118,노들,Nodeul,09호선,918,?得,ノドゥル,37.5126721234205,126.953096069577
4116,샛강,Saetgang,09호선,916,?江,セッカン,37.51737287009036,126.9283750591322
4138,중앙보훈병원,VHS Medical Center,09호선,938,中央???院,チュンアンボフンビョンウォン,37.52840258997037,127.14841167813621
4125,신논현,Sinnonhyeon,09호선,925,新??,シンノンヒョン,37.504811111562,127.025492036104
4137,둔촌오륜,Dunchon Oryun,09호선,937,遁村五?,トゥンチョノリュン,37.51940803726135,127.13865206962898
4133,석촌,Seokchon(Hansol Hospital),09호선,933,石村,ソクチョン,37.5054141216925,127.107004062699
4127,선정릉,Seonjeongneung,09호선,927,宣靖陵,ソンジョンヌン,37.5109326388803,127.043627289129
4128,삼성중앙,Samseong Jungang,09호선,928,三成中央,サムソン·チュンアン,37.5129614511319,127.053043676912
4134,송파나루,Songpanaru,09호선,934,松坡渡口,ソンパナル,37.51101671275264,127.11266171422027
4115,여의도,Yeouido,09호선,915,汝矣?,ヨイド,37.5211700890445,126.92466104293
4114,국회의사당,National Assembly,09호선,914,???事堂,ククェウィサダン,37.5281465047706,126.91783895106
4130,종합운동장,Sports Complex,09호선,930,?合???,チョンハブンドンジャン,37.5111446632705,127.073849447402
4126,언주,Eonju,09호선,926,彦州,オンジュ,37.5073353959717,127.033970921595
4136,올림픽공원,Olympic Park,09호선,936,?林匹克公?,オリンピックゴンウォン,37.5163389870117,127.130963675401
4108,증미,Jeungmi,09호선,908,曾米,チュンミ,37.558133059903305,126.86063675500975
4135,한성백제,Hanseong Baekje,09호선,935,?城百?,ハンソンベクチェ,37.5165379932802,127.116449169971
0008,수서,Suseo,GTX-A,X108,水西,スソ,37.487459640349336,127.10205874359781
0009,성남,Seongnam,GTX-A,X109,城南,ソンナム,37.39477752734142,127.11119782955879
0010,구성,Guseong,GTX-A,X110,駒城,,37.298978850791976,127.10569583571818
0011,동탄,Dongtan,GTX-A,X111,東灘,,37.2009611445174,127.09549558432
1507,신둔도예촌,Sindundoyechon,경강선,K416,新屯陶藝村,,37.3156131233126,127.40524300441095
1501,판교,Pangyo,경강선,K409,板橋,,37.39477752734142,127.11119782955879
1508,이천,Icheon,경강선,K417,利川,,37.264225761758865,127.44216788016918
1504,경기광주,GyeonggiGwangju,경강선,K413,京畿廣州,,37.3989438131636,127.253282668137
1506,곤지암,Gonjiam,경강선,K415,昆池岩,,37.3505395429634,127.346251343712
1509,부발,Bubal,경강선,K418,夫鉢,,37.2603923465465,127.490321502069
1511,여주,Yeoju,경강선,K420,驪州,,37.2828596478666,127.628529053998
1505,초월,Chowol,경강선,K414,草月,,37.3733791295012,127.299905223152
1502,이매,Imae,경강선,K411,二梅,,37.3947135146921,127.127318661399
1503,삼동,Samdong,경강선,K412,三洞,,37.3203421132836,126.9479765012
1512,성남,Seongnam,경강선,K410,城南,ソンナム,37.39477752734142,127.11119782955879
1510,세종대왕릉,Sejongdaewangneung,경강선,K419,世宗大王陵,,37.2936326216504,127.57065963840586
1219,용문,Yongmun,경의선,K137,??,ヨンムン,37.4818020661568,127.593795306663
1014,청량리,Cheongnyangni,경의선,K117,?凉里,チョンニャンニ,37.580037056302906,127.04472723023305
1264,홍대입구,Hongik Univ.,경의선,K314,弘益大?,ホンデイック,37.5568707448873,126.923778562273
0300,대곡,Daegok,경의선,K322,大谷,テゴク,35.8095726496598,128.512766290689
1201,중랑,Jungnang,경의선,K119,中浪,チュンナン,37.5809403751459,127.088504554212
1205,구리,Guri,경의선,K123,九里,クリ,37.603268938528196,127.14335098072823
1280,금촌,Geumchon,경의선,K331,金村,クムチョン,37.7513389843704,126.765410119425
1216,오빈,Obin,경의선,K134,梧?,オビン,37.5061671737276,127.473661407181
1215,아신,Asin,경의선,K133,我新,アシン,37.5139186008078,127.443211499187
1214,국수,Guksu,경의선,K132,菊秀,クッス,37.5161871164552,127.399309828929
1251,서울역,Seoul Station,경의선,P313,首爾站,ソウル,37.55597933890212,126.97209238331357
1008,이촌,Ichon,경의선,K111,二村,イチョン,37.52241291408466,126.97354382085399
1261,효창공원앞,Hyochang Park,경의선,K826,孝昌公?,ヒョチャンゴンウォンアプ,37.5393087503306,126.96139810075
1203,망우,Mangu,경의선,K121,忘?,マンウ,37.6124910157349,127.104271439503
1209,도심,Dosim,경의선,K127,陶深,トシム,37.579639075911,127.222683857886
1010,한남,Hannam,경의선,K113,?南,ハンナム,37.5294289189437,127.009209110584
1202,상봉,Sangbong,경의선,K120,上?,サンボン,37.5992960295399,127.092367383432
1204,양원,Yangwon,경의선,K122,?源,ヤンウォン,37.6066060557557,127.107946139148
1252,신촌,Sinchon,경의선,P312,新村,シンチョン,37.555198169366435,126.93698075993808
1211,운길산,Ungilsan,경의선,K129,云吉山,ウンギルサン,37.5546425431665,127.310231608596
1208,덕소,Deokso,경의선,K126,德沼,トッソ,37.5868903292078,127.208842710609
1263,서강대,Sogang Univ.,경의선,K313,西江大,ソガンデ,37.5521384864879,126.935507621173
1265,가좌,Gajwa,경의선,K315,加佐,カジュア,37.4898360731372,126.675242029489
1266,디지털미디어시티,Digital Media City,경의선,K316,??媒?城,デジタルメディアシティ,37.57601374718818,126.90127778415635
1269,강매,Gangmae,경의선,K319,江梅,カンメ,37.6122904718741,126.84449823065067
1272,곡산,Goksan,경의선,K323,谷山,コッサン,37.64607886227099,126.80160321314327
1273,백마,Baengma,경의선,K324,白?,ペンマ,37.65853599537713,126.7943339818477
1274,풍산,Pungsan,경의선,K325,?山,プンサン,37.672668497783,126.78608384011483
1276,탄현,Tanhyeon,경의선,K327,炭?,タンヒョン,37.6939889446111,126.761078262576
1277,야당,Yadang,경의선,K328,野塘,ヤダン,37.712611015679,126.761453983315
1278,운정,Unjeong,경의선,K329,云井,ウンジョン,37.72560181256856,126.76716330229101
100C,용산,Yongsan,경의선,K110,?山,ヨンサン,37.5345252050511,126.994333861918
1279,금릉,Geum  neung,경의선,K330,金陵,クムヌン,37.7513389843704,126.765410119425
1284,문산,Munsan,경의선,K335,汶山,ムンサン,37.854626895054,126.787395378931
1218,원덕,Wondeok,경의선,K136,元德,ウォンドク,37.468781735546,127.546558679899
1268,한국항공대,Korea Aerospace Univ.,경의선,K318,??航空大?,ハングクハンゴンデ,37.6029725988481,126.86832177393612
1262,공덕,Gongdeok,경의선,K312,孔德,コンドク,37.5445416897534,126.951451177648
1285,임진강,Imjingang,경의선,K337,臨津江,イムジンガン,37.8882750558283,126.747078454706
1011,옥수,Oksu,경의선,K114,玉水,オッス,37.5415662783673,127.017393782846
1009,서빙고,Seobinggo,경의선,K112,西??,ソビンゴ,37.519568139395346,126.98841094338457
1271,능곡,Neunggok,경의선,K321,陵谷,ヌンゴク,37.3699465347315,126.808721340419
1012,응봉,Eungbong,경의선,K115,?峰,ウンボン,37.5499526279456,127.034483653629
1206,도농,Donong,경의선,K124,陶?,トノン,37.6087726045416,127.161178663222
1207,양정,Yangjeong,경의선,K125,?正,ヤンジョン,35.1727945202073,129.071093977334
101C,회기,Hoegi,경의선,K118,回基,フェギ,37.5897962196601,127.058048369273
1267,수색,Susaek,경의선,K317,水色,スセク,37.57740168656261,126.90069067398757
1013,왕십리,Wangsimni,경의선,K116,往十里,ワンシムニ,37.561268363317176,127.03710337610202
1210,팔당,Paldang,경의선,K128,八堂,パルタン,37.5473594340956,127.243966151989
1212,양수,Yangsu,경의선,K130,兩水,ヤンス,37.5459634283124,127.329138380916
1217,양평,Yangpyeong,경의선,K135,?平,ヤンピョン,37.5459634283124,127.329138380916
1286,운천,Uncheon,경의선,K336,云泉,ウンチョン,35.150482087694016,126.85869740297962
1283,파주,Paju,경의선,K334,坡州,パジュ,37.854626895054,126.787395378931
1282,월롱,Wollong,경의선,K333,月?,ウォルロン,37.7962146380874,126.792585875504
1275,일산,Ilsan,경의선,K326,一山,イルサン,37.68222907297604,126.7695084298458
1270,행신,Haengsin,경의선,K320,幸信,ヘンシン,37.6122904718741,126.84449823065067
1220,지평,Jipyeong,경의선,K138,砥平,チピョン,37.476907283345135,127.62890592244803
1213,신원,Sinwon,경의선,K131,新院,シヌォン,37.5255855578889,127.373091698635
1315,사릉,Sareung,경춘선,P126,思陵,サルン,37.65112427884554,127.17692620365439
1317,평내호평,Pyeongnae  Hopyeong,경춘선,P128,坪內好坪,ピョンネホピョン,37.6532138128125,127.244438968688
1321,청평,Cheongpyeong,경춘선,P132,淸平,チョンピョン,37.7355163992466,127.426622860785
1323,가평,Gapyeong,경춘선,P134,加平,カピョン,37.8145200514507,127.51073942455
1307,회기,Hoegi,경춘선,P118,回基,フェギ,37.5897962196601,127.058048369273
1325,백양리,Baegyang-ri,경춘선,P136,白楊里,ペギャンニ,37.8320661917515,127.557769861431
1322,상천,Sangcheon,경춘선,P133,上泉,サンチョン,37.7701784041516,127.454515681516
1310,망우,Mangu,경춘선,P121,忘憂,マンウ,37.6124910157349,127.104271439503
1319,마석,Maseok,경춘선,P130,磨石,マソク,37.652792215501,127.311686554885
1314,퇴계원,Toegyewon,경춘선,P125,退溪院,トェゲウォン,37.6482657629059,127.14353713662
1326,강촌,Gangchon,경춘선,P137,江村,カンチョン,37.8307917497493,127.589324987859
1324,굴봉산,Gulbongsan,경춘선,P135,屈峰山,クルボンサン,37.8320661917515,127.557769861431
1308,중랑,Jungnang,경춘선,P119,中浪,チュンナン,37.5809403751459,127.088504554212
1313,별내,Byeollae,경춘선,P124,別內,ピョルネ,37.642067071704496,127.1269691476328
1318,천마산,Cheonmasan,경춘선,P129,天摩山,チョンマサン,37.6592276778117,127.285062700362
1309,상봉,Sangbong,경춘선,P120,上鳳,サンボン,37.5992960295399,127.092367383432
1316,금곡,Geumgok,경춘선,P127,金谷,クムゴク,37.35007159880101,127.10900662549734
1311,신내,Sinnae,경춘선,P122,新內,シンネ,37.617350836302734,127.09136011564394
1306,청량리,Cheongnyangni,경춘선,P117,淸凉里,チョンニャンニ,37.580037056302906,127.04472723023305
1327,김유정,Gimyujeong,경춘선,P138,金裕貞,キミュジョン,37.8184490071056,127.714323967766
1320,대성리,Daeseong-ri,경춘선,P131,大成里,テソンニ,37.6839900741502,127.379706254541
1328,남춘천,Namchuncheon,경춘선,P139,南春川,ナムチュンチョン,37.8640466747977,127.723850659304
1312,갈매,Galmae,경춘선,P123,葛梅,カルメ,37.6340689252244,127.114760741021
1329,춘천,Chuncheon,경춘선,P140,春川,チュンチョン,37.884512737384,127.716698593345
1305,광운대,Kwangwoon Univ.,경춘선,P116,光云大?,クァンウンデ,37.6238373628149,127.061695160651
4206,마곡나루,Magongnaru,공항철도,A042,麻谷渡口,マゴンナル,37.5667126094974,126.827420928424
4204,디지털미디어시티,Digital Media City,공항철도,A04,??媒?城,デジタルメディアシティ,37.57601374718818,126.90127778415635
4203,홍대입구,Hongik Univ.,공항철도,A03,弘益大?,ホンデイック,37.5568707448873,126.923778562273
4202,공덕,Gongdeok,공항철도,A02,孔德,コンドク,37.5445416897534,126.951451177648
4208,계양,Gyeyang,공항철도,A06,桂?,ケヤン,37.57177084709832,126.73627367694554
4201,서울역,Seoul Station,공항철도,A01,首爾站,ソウルヨク,37.55597933890212,126.97209238331357
4212,공항화물청사,Incheon Intl. Airport Cargo Terminal,공항철도,A09,机??物?舍,コンハンファムルチョンサ,37.4590625046021,126.47751440637
4217,영종,Yeongjong,공항철도,A072,永宗,ヨンジョン,37.5120289919535,126.524975940011
4210,청라국제도시,Cheongna Int’l City Station,공항철도,A071,靑羅國際城驛,チョンナグクチェドシ,37.55646453155236,126.62465841357525
4213,인천공항1터미널,Incheon Int’l Airport Terminal 1,공항철도,A10,仁川??机? 1?航站?,仁川?際空港 1タ?ミナル,37.44752854508576,126.45258454579164
4207,김포공항,Gimpo Intl. Airport,공항철도,A05,金浦机?,キンポゴンハン,37.56196757232288,126.80191361988808
4211,운서,Unseo,공항철도,A08,云西,ウンソ,37.4928088834418,126.493729942049
4209,검암,Geomam,공항철도,A07,黔岩,コマム,37.56925281871912,126.67364220875055
4215,인천공항2터미널,Incheon Int’l Airport Terminal 2,공항철도,A11,仁川??机? 2?航站?,仁川?際空港 ２タ?ミナル,37.4688002145258,126.433640888212
4921,구래,Gurae,김포도시철도,691,九來,クレ,37.64539340715656,126.62857604330732
4925,걸포북변,Geolpo Bukbyeon,김포도시철도,695,杰浦北?,コルポブクビョン,37.631638772756794,126.70577572197524
4920,양촌,Yangchon,김포도시철도,690,?村,ヤンチョン,37.64178438994002,126.61462594837248
4929,김포공항,Gimpo Int’l Airport,김포도시철도,699,金浦机?,キンポ空港,37.56196757232288,126.80191361988808
4927,풍무,Pungmu,김포도시철도,697,쎱舞,プンム,,
4926,사우,Sau,김포도시철도,696,沙隅,サウ,37.620321335136204,126.71976741873046
4924,운양,Unyang,김포도시철도,694,云?,ウニャン,37.6537750040601,126.683844450975
4928,고촌,Gochon,김포도시철도,698,高村,コチョン,37.601213413053,126.770325947061
4923,장기,Janggi,김포도시철도,693,?基,チャンギ,37.6440651946922,126.66907862282
4922,마산,Masan,김포도시철도,692,麻山,マサン,37.6406117204577,126.644004368759
1980,김포공항,Gimpo Int'l Airport,서해선,S13,金浦空港,キンポ,37.56196757232288,126.80191361988808
105C,곡산,Goksan,서해선,S10,谷山,谷山,37.64607886227099,126.80160321314327
103C,대곡,Daegok,서해선,S11,大谷,大谷,35.8095726496598,128.512766290689
1981,원종,Wonjong,서해선,S14,遠宗,ウォンジョン,37.5241890956788,126.804845090802
106C,백마,Baengma,서해선,S09,白馬,白馬,37.65853599537713,126.7943339818477
107C,풍산,Pungsan,서해선,S08,楓山,楓山,37.672668497783,126.78608384011483
4804,소사,Sosa,서해선,S16,素砂,ソサ,37.48764140324914,126.75315944764172
4805,소새울,Sosaeul,서해선,S17,素砂屋,ソセウル,37.46851045193921,126.79728159163491
4811,달미,Dalmi,서해선,S24,?美,タルミ,,
4815,원시,Wonsi,서해선,S28,元?,ウォンシ,37.3026237626179,126.786793532374
4814,시우,Siu,서해선,S27,元谷,ウォンゴク,37.313163621585524,126.79574223454856
108C,일산,Ilsan,서해선,S07,一山,一山,37.68222907297604,126.7695084298458
4806,시흥대야,Siheung Daeya,서해선,S18,始?大也,シフンデヤ,37.4500998726813,126.792993796201
4810,시흥능곡,Siheung Neunggok,서해선,S23,始?陵谷,シフンヌンゴク,37.3699465347315,126.808721340419
4813,초지,Choji,서해선,S26,草芝,チョジ,37.3204403767323,126.80647314589804
4807,신천,Sincheon,서해선,S19,新川,シンチョン(新川)?,35.87755434756526,128.62791465030097
1982,부천종합운동장,Bucheon Stadium,서해선,S15,富川綜合運動場,プチョンジョンハブンドンジャン,37.50542641602307,126.7972349705182
4808,신현,Sinhyeon,서해선,S20,新?,シンヒョン,37.40956486776796,126.787838368873
4809,시흥시청,Siheung City Hall,서해선,S22,始?市?,シフンシチョン,37.38156161940996,126.80594809695735
4812,선부,Seonbu,서해선,S25,仙府,ソンブ,37.3344084544244,126.809989544577
104C,능곡,Neunggok,서해선,S12,陵谷,陵谷,37.3699465347315,126.808721340419
1836,정왕,Jeongwang,수인분당선,K257,正往,チョンワン,37.351701334544885,126.74335018635819
1886,송도,Songdo,수인분당선,K267,松?,ソンド,37.3862063921103,126.639542234479
1882,호구포,Hogupo,수인분당선,K263,虎口浦,ホグポ,37.4016421735726,126.708683171095
1874,오목천,Omokcheon,수인분당선,K247,梧木川,オモックチョン,37.2433596329495,126.963902835862
1865,기흥,Giheung,수인분당선,K237,器?,キフン,37.27545287699772,127.11704645705142
1854,야탑,Yatap,수인분당선,K226,野塔,ヤタプ,37.4113736407028,127.128742990837
1883,남동인더스파크,Namdong Induspark,수인분당선,K264,南洞???地,ナムドン·インドスパ?ク,37.4077423820652,126.695227491501
1888,인하대,Inha Univ.,수인분당선,K269,仁荷大??,インハデ,37.4483386165197,126.649763418519
1852,태평,Taepyeong,수인분당선,K224,太平,テピョン,37.43978918729356,127.12774980543841
1891,인천,Incheon,수인분당선,K272,仁川,インチョン,37.46505238644672,126.67996793218974
1879,월곶,Wolgot,수인분당선,K260,月串,ウォルゴッ,37.3918207044367,126.742707561155
1866,상갈,Sanggal,수인분당선,K238,上葛,サンガル,37.261811831367,127.108737254546
1856,수내,Sunae,수인분당선,K229,??,スネ,37.3784687674046,127.114288846291
1850,선정릉,Seonjeongneung,수인분당선,K214,宣靖陵,ソンジョンヌン,37.5109326388803,127.043627289129
1831,중앙,Jungang,수인분당선,K252,中央,チュンアン,37.31599451967913,126.83883035405907
1889,숭의,Sungui,수인분당선,K270,崇??,スンイ,37.466819329634994,126.65749387411809
1868,영통,Yeongtong,수인분당선,K240,?通,ヨントン,37.2515035095752,127.07133191773
1862,죽전,Jukjeon,수인분당선,K233,竹田,チュクチョン,37.3243773830569,127.107505020642
1859,오리,Ori,수인분당선,K232,梧里,オリ,37.3398305519823,127.108948940053
1024,한티,Hanti,수인분당선,K216,?堤,ハンティ,37.4962857047653,127.052909749417
1876,야목,Yamok,수인분당선,K249,野牧,ヤモク,37.2614226743824,126.883773399214
1863,구성,Guseong,수인분당선,K235,?城,クソン,37.298978850791976,127.10569583571818
1858,미금,Migeum,수인분당선,K231,美金,ミグム,37.35007159880101,127.10900662549734
1834,안산,Ansan,수인분당선,K255,安山,アンサン,37.32685867641246,126.7892163493839
1848,압구정로데오,Apgujeong rodeo,수인분당선,K212,狎?亭?德?,アックジョンロデオ,37.5275184818021,127.0406027693898
1832,고잔,Gojan,수인분당선,K253,古?,コジャン,37.31599451967913,126.83883035405907
1028,대모산입구,Daemosan,수인분당선,K220,大母山,テモサンイック,37.4915500752654,127.073070274916
1878,달월,Dalwol,수인분당선,K259,達月,タロル,37.3800267658985,126.74540347645
1031,복정,Bokjeong,수인분당선,K222,福井,ポクチョン,37.4627230752808,127.139350997519
102C,왕십리,Wangsimni,수인분당선,K210,往十里,ワンシムニ,37.561268363317176,127.03710337610202
1023,선릉,Seolleung,수인분당선,K215,宣陵,ソンルン,37.504497373023206,127.04896282498558
1845,청량리,Cheongnyangni,수인분당선,K209,?凉里,チョンニャンニ,37.580037056302906,127.04472723023305
1890,신포,Sinpo,수인분당선,K271,新浦,シンポ,37.4684545360849,126.624533685908
1833,초지,Choji,수인분당선,K254,草芝,チョジ,37.3204403767323,126.80647314589804
1830,한대앞,Hanyang Univ. at Ansan,수인분당선,K251,??大?,ハンデアプ,37.309429480381965,126.85402320176591
1864,신갈,Singal,수인분당선,K236,新葛,シンガル,37.2861483619847,127.111284750107
1861,보정,Bojeong,수인분당선,K234,?亭,ポジョン,37.3127749181936,127.108336816968
1857,정자,Jeongja,수인분당선,K230,亭子,チョンジャ,37.3661737923199,127.108097457244
1853,모란,Moran,수인분당선,K225,牡丹,モラン,37.4340382896277,127.129970457799
1851,가천대,Gachon Univ.,수인분당선,K223,嘉泉大?,カチョンデ,37.44856169280611,127.1266967573021
1849,강남구청,Gangnam-gu Office,수인분당선,K213,江南??,カンナムグチョン,37.51721617197854,127.0413109462156
1881,인천논현,Incheon Nonhyeon,수인분당선,K262,仁川??,インチョンノンヒョン,37.4009402347666,126.733492081979
1880,소래포구,Soraepogu,수인분당선,K261,??浦口,ソレポグ,37.4009402347666,126.733492081979
1872,매교,Maegyo,수인분당선,K244,梅?,メギョ,37.2655153235144,127.01590057208
1835,신길온천,Neunggil,수인분당선,K256,新吉?泉,シンギル·オンチョン,37.33737450574518,126.76752183250063
1027,개포동,Gaepo-dong,수인분당선,K219,?浦洞,ケポドン,37.4891394691891,127.066120707828
1885,연수,Yeonsu,수인분당선,K266,延?,ヨンス,37.4299616326114,126.654675713707
1871,수원시청,Suwon City Hall,수인분당선,K243,水原市?,スウォンシチョン,37.2619226180172,127.030857188083
1884,원인재,Woninjae,수인분당선,K265,源仁?,ウォニンジェ,37.4123688782408,126.687889114089
1030,수서,Suseo,수인분당선,K221,水西,スソ,37.487459640349336,127.10205874359781
1870,매탄권선,MaetanGwonseon,수인분당선,K242,梅?,メタン,37.2525055074191,127.040808657326
1855,서현,Seohyeon,수인분당선,K228,??,ソヒョン,37.3850154269126,127.123431479636
1847,서울숲,Seoul-forest,수인분당선,K211,首?林,ソウルスプ,37.543645796605,127.044746216358
1875,어천,Eocheon,수인분당선,K248,漁川,オチョン,37.25008784954119,126.90880001435008
1873,고색,Gosaek,수인분당선,K246,古索,ゴセク,37.2497717717764,126.980572516343
1026,구룡,Guryong,수인분당선,K218,九?,クリョン,37.4870274262116,127.059492941655
1869,망포,Mangpo,수인분당선,K241,?浦,マンポ,37.2458383703858,127.056854781327
1846,수원,Suwon,수인분당선,K245,水原,スウォン,37.2515035095752,127.07133191773
1877,사리,Sari,수인분당선,K250,四里,サリ,37.290641235808586,126.85710444456184
1025,도곡,Dogok,수인분당선,K217,道谷,トゴク,37.48457681195669,127.03416413380752
1800,오이도,Oido,수인분당선,K258,?耳?,オイド,37.36170269464333,126.73840352940697
1867,청명,Cheongmyeong,수인분당선,K239,?明,チョンミョン,37.2595395723925,127.078969000537
1860,이매,Imae,수인분당선,K227,二梅,イメ,37.3947135146921,127.127318661399
4404,보라매,Boramae,신림선,S404,波拉美,ポラメ,37.49992085496506,126.92061230710924
4411,관악산,Gwanaksan,신림선,S411,冠岳山,クァナクサン,37.4690860478461,126.94509952208
4402,대방,Daebang,신림선,S402,大方,テバン,37.499757228908564,126.92821094566965
4408,신림,Sillim,신림선,S408,新林,シンリム,37.484267135140364,126.9297453749671
4410,서울대벤처타운,Seoul National Univ. Venture Town,신림선,S410,首?大??投城,ソウルデベンチャ?タウン,37.4720023242775,126.933959958388
4403,서울지방병무청,Seoul Regional Office of Military Manpower,신림선,S403,首?地方兵??,ソウルジバンビョンムチョン,37.5060553927614,126.922713971785
4409,서원,Sutgogae,신림선,S409,炭?,スッコゲ,37.4782386357719,126.93310993651
4406,보라매병원,Boramae MedicalCenter,신림선,S406,波拉美?院,ポラメビョンウォン,37.4929643194464,126.923549547206
4401,샛강,Saetgang,신림선,S401,?江,セッカン,37.51737287009036,126.9283750591322
4405,보라매공원,Boramae Park,신림선,S405,波拉美公?,ポラメゴンウォン,37.4954456720422,126.918140532784
4407,당곡,Danggok,신림선,S407,堂谷,タンゴク,37.490223280126,126.927560844494
4315,수지구청,Suji-gu office,신분당선,D15,水枝區廳,スヅグチョン,37.322492584304,127.094658560596
4311,판교,Pangyo,신분당선,D11,板橋,パンギョ,37.39477752734142,127.11119782955879
4319,광교,Gwanggyo,신분당선,D19,光敎,クァンギョ,37.2883843017536,127.051726324729
4317,상현,Sanghyeon,신분당선,D17,上峴,サンヒョン,37.2978289663421,127.069363534097
4310,청계산입구,Cheonggyesan,신분당선,D10,淸溪山入口,チョンゲサンイック,37.4483547387397,127.054720327179
4318,광교중앙,GwanggyoJungang,신분당선,D18,光敎中央,クァンギョジュンアン,37.2883843017536,127.051726324729
4316,성복,Seongbok,신분당선,D16,星福,ソンボク,37.3135324511783,127.08038367116
4312,정자,Jeongja,신분당선,D12,亭子,チョンジャ,37.3661737923199,127.108097457244
4313,미금,Migeum,신분당선,D13,美金,ミグム,37.35007159880101,127.10900662549734
4314,동천,Dongcheon,신분당선,D14,東川,トンチョン,37.3378429142383,127.102870440698
4309,양재시민의숲,Yangjae Citizen's Forest,신분당선,D9,良才市民之林,ヤンジェ·シミネスプ,37.4701332061395,127.038471341381
4308,양재,Yangjae,신분당선,D8,良才,ヤンジェ,37.4834655780476,127.035154074503
4307,강남,Gangnam,신분당선,D7,江南,カンナム,37.49808633653005,127.02800140627488
4306,신논현,Sinnonhyeon,신분당선,D6,江南,カンナム,37.504811111562,127.025492036104
4305,논현,Nonhyeon,신분당선,D5,??,ノンヒョン,37.51643597531432,127.02030856272764
4304,신사,Sinsa,신분당선,D4,新沙,シンサ,37.51643597531432,127.02030856272764
4503,지석,Jiseok,용인경전철,Y112,支石,チソク,37.269737317702365,127.13663256032949
4501,기흥,Giheung,용인경전철,Y110,器興,キフン,37.27545287699772,127.11704645705142
4502,강남대,Kangnam Univ.,용인경전철,Y111,江南大?,カンナムデ,37.27017072715994,127.12606689205987
4504,어정,Eojeong,용인경전철,Y113,御井,オジョン,37.27495131826632,127.14374986977646
4505,동백,Dongbaek,용인경전철,Y114,東栢,トンベク,37.269101384338924,127.15269056435368
4506,초당,Chodang,용인경전철,Y115,草堂,チョダン,37.26080647373655,127.15946923688787
4508,삼가,Samga,용인경전철,Y116,三街,サムガ,37.24205993395667,127.16817999042203
4509,시청.용인대,"City Hall, Yongin Univ.",용인경전철,Y117,市廳 龍仁大,"シチョン, ヨンインデ",37.23944203003437,127.17888509175044
4510,명지대,Myongji Univ.,용인경전철,Y118,明知大,ミョンジデ,37.23807628801618,127.19029130857074
4511,김량장,Gimnyangjang,용인경전철,Y119,金良場,キムニャンジャン,37.23791130233472,127.20905151782907
4512,용인중앙시장,Yongin Jungang Market,용인경전철,Y120,?仁中央市?,ヨンインチュンアンシジャン,37.23791130233472,127.20905151782907
4513,고진,Gojin,용인경전철,Y121,古陣,コジン,37.244638336050315,127.21418360142515
4514,보평,Bopyeong,용인경전철,Y123,洑坪,ポピョン,37.258964266014694,127.21848076908013
4515,둔전,Dunjeon,용인경전철,Y125,屯田,トゥンジョン,37.26721221736258,127.21363872279483
4517,전대.에버랜드,Jeondae ? Everland,용인경전철,Y126,前垈?愛寶樂園,チョンデ·エバ?ランド,37.28541326931372,127.21950896826833
4707,삼양사거리,Samyang Sageori,우이신설경전철,947,三?十字路口,サミャンサゴリ,37.6213181360851,127.020488845069
4702,솔밭공원,Solbat Park,우이신설경전철,942,松林公園,ソルバッコンウォン,37.6559782562487,127.013268181236
4701,북한산우이,Bukhansan Ui,우이신설경전철,941,北漢山牛耳,プカンサンウイ,37.66288704047998,127.01275713087601
4704,가오리,Gaori,우이신설경전철,944,加五里,カオリ,37.6415440572233,127.01676896839822
4705,화계,Hwagye,우이신설경전철,945,華溪,ファゲ,37.6340873974011,127.017510491529
4706,삼양,Samyang,우이신설경전철,946,三陽,サミャン,37.620259575206596,127.01355180603669
4709,북한산보국문,Bukhansan Bogungmun,우이신설경전철,949,北漢山輔國門,プカンサンボグンムン,37.6121367531121,127.008263392003
4710,정릉,Jeongneung,우이신설경전철,950,貞陵,チョンヌン,37.602614606648,127.013539545056
4711,성신여대입구,Sungshin Women`s Univ.,우이신설경전철,951,誠信女大入口,誠信女大入口,37.59296812939267,127.0171260607647
4712,보문,Bomun,우이신설경전철,952,普門,ポムン,37.585541696968,127.020003515933
4713,신설동,Sinseoldong,우이신설경전철,953,新 設 洞,シンソルトン,37.5760299683175,127.024456700382
4703,4?19민주묘지,April 19th National Cemetery,우이신설경전철,943,四一九民主墓地,サ.イルグミンジュミョジ,,
4708,솔샘,Solsaem,우이신설경전철,948,松泉,ソルセム,37.620259575206596,127.01355180603669
4615,탑석,Tapseok,의정부경전철,U125,塔石,タプソク,37.7334871006703,127.088908165858
4610,경기도청북부청사,Gyeonggi Provincial Government Northern Office,의정부경전철,U120,京畿道廳北部廳舍,キョンギドチョンプップチョンサ,37.7507650408734,127.071617829299
4614,송산,Songsan,의정부경전철,U124,松山,ソンサン,37.7372760423191,127.08721549161
4609,새말,sae-mal,의정부경전철,U119,??,セマル,37.7488486906286,127.063759511679
4606,흥선,Heungseon,의정부경전철,U115,興宣,ホンソン,37.74328307869396,127.03717589317614
4613,어룡,eoryong,의정부경전철,U123,魚龍,オリョン,37.7426941378158,127.085206837732
4605,의정부시청,Uijeongbu City Hall,의정부경전철,U114,議政府市廳,ウィジョンブシチョン,37.739234834508,127.034848091039
4607,의정부중앙,Uijeongbu Jung-ang,의정부경전철,U117,議政府中央,ウィジョンブチュンアン,37.7436803165603,127.049649812523
4608,동오,Dong-o,의정부경전철,U118,東梧,トンオ,37.745269911047,127.056985043204
4601,발곡,Balgok,의정부경전철,U110,鉢谷,バルゴク,37.7271478742052,127.052969199269
4602,회룡,Hoeryong,의정부경전철,U111,回龍,フェリョン,37.7238058806629,127.047295368138
4603,범골,Beomgol,의정부경전철,U112,虎谷,ポムゴル,37.7287878498671,127.043668564435
4604,경전철의정부,Lrt Uijeongbu,의정부경전철,U113,輕電鐵議政府,キョンジョンチョルウィジョンブ,37.7372643130628,127.04330596631
4612,곤제,gonjae,의정부경전철,U122,昆弟,コンジェ,37.7505371570413,127.083822421136
4611,효자,hyoja,의정부경전철,U121,孝子,ヒョジャ,37.7539905661041,127.077226606947
3214,서부여성회관,West Woman's Community Center,인천2호선,I214,,,37.5003434953542,126.675870541598
3225,남동구청,Namdong-gu Office,인천2호선,I225,南洞??,南洞??,37.4481747324298,126.736565773149
3210,서구청,Seo-gu Office,인천2호선,I210,西??,西??,37.5440446154284,126.676844673062
3208,검바위,Geombawi,인천2호선,I208,黔石,コムバウィ,37.5611257424349,126.677531491203
3203,검단사거리,Geomdan Sageori,인천2호선,I203,黔丹十字路口,黔丹サゴリ,37.6016612295398,126.65643839271
3202,왕길,Wanggil,인천2호선,I202,旺吉,旺吉,37.6016612295398,126.65643839271
3207,검암,Geomam,인천2호선,I207,黔岩,黔岩,37.56925281871912,126.67364220875055
3204,마전,Majeon,인천2호선,I204,麻田,麻田,37.5976340869751,126.667223457118
3206,독정,Dokjeong,인천2호선,I206,,,37.58484825991949,126.67600264877679
3227,운연,Unyeon,인천2호선,I227,云宴,雲宴,37.4396425989597,126.759606687799
3224,만수,Mansu,인천2호선,I224,万?,萬?,37.4549755117309,126.731736248865
3209,아시아드경기장,Asiad Stadium,인천2호선,I209,?????,アジア?ド競技場,37.5513145630525,126.677107520162
3205,완정,Wanjeong,인천2호선,I205,完井,完井,37.5928390497566,126.673033100577
3226,인천대공원,Incheon Grand Park,인천2호선,I226,仁川大公?,仁川大公園,37.4484766105613,126.752851963764
3218,주안,Juan,인천2호선,I218,朱安,朱安,37.46505238644672,126.67996793218974
3223,모래내시장,Moraenae Market,인천2호선,I223,沙丘市?,モレネ市場,37.4558628174958,126.719621557604
3222,석천사거리,Seokcheon Sageori,인천2호선,I222,石泉十字路口,石泉サゴリ,37.4567884972007,126.710422456642
3201,검단오류,Geomdan Oryu,인천2호선,I201,黔丹梧柳,黔丹梧柳,37.5949434686845,126.627907494962
3221,인천시청,Inchon City Hall,인천2호선,I221,仁川市?,仁川市?,37.45773583769292,126.70223575350143
3220,석바위시장,Seokbawi Market,인천2호선,I220,石岩市?,ソッバウィ市場,37.4576690774014,126.692353074376
3219,시민공원,Citizens Park,인천2호선,I219,市民公?,市民公園,37.4583852139167,126.681074618963
3217,주안국가산단,Juan National Industrial Complex,인천2호선,I217,朱安?家産?,朱安?家産?,37.47391267095278,126.68122005538342
3216,가재울,Gajaeul,인천2호선,I216,??溪,カジェウル,37.4841504406643,126.683769149033
3215,인천가좌,Incheon Gajwa,인천2호선,I215,,,37.4898360731372,126.675242029489
3213,석남,Seongnam,인천2호선,I213,石南,石南,37.5062431189861,126.676149271119
3212,가정중앙시장,Gajeong Jungang Market,인천2호선,I212,佳亭中央市?,佳亭中央市場,37.5175263931377,126.676823324228
3211,가정,Gajeong,인천2호선,I211,佳亭,佳亭,37.5248168619511,126.675357432309
3124,인천시청,Incheon City Hall,인천선,I124,仁川市廳,インチョンシチョン,37.45773583769292,126.70223575350143
3123,간석오거리,Ganseogogeori,인천선,I123,?石五?路口,カンソク·オゴリ,37.4670826685298,126.707918490817
3116,작전,Jakjeon,인천선,I116,?田,チャクチョン,37.5302710952892,126.722560827351
3139,송도달빛축제공원,Songdo Moonlight Festival Park,인천선,I139,松?月光?典公?,ソンドダルピッチュクチェゴンウォン,37.406920219431996,126.62601790846256
3115,경인교대입구,Gyeong-in Nat`l Univ. of Education,인천선,I115,京仁?育大?,キョンインギョデイック,37.538124360683,126.722631302651
3114,계산,Gyesan,인천선,I114,桂山,ケサン,37.5433079533771,126.7277312169
3111,귤현,Gyulhyeon,인천선,I111,橘?,キュルチョン,37.57177084709832,126.73627367694554
3110,계양,Gyeyang,인천선,I110,桂?,ケヤン,37.57177084709832,126.73627367694554
3126,인천터미널,Incheon Bus Terminal,인천선,I126,仁川客?站,インチョンタ?ミナル,37.4419166733897,126.699694889876
3127,문학경기장,Munhak Sports Complex,인천선,I127,文??育?,ムンハク·キョンギジャン,37.4346513434001,126.698449383593
3134,테크노파크,Technopark,인천선,I134,科技?,テクノパ?ク,37.3822809834253,126.656299104753
3112,박촌,Bakchon,인천선,I112,朴村,パクチョン,37.5536612597496,126.74506746745
3113,임학,Imhak,인천선,I113,林?,イムハク,37.5450120455649,126.738633379569
3135,지식정보단지,BIT Zone,인천선,I135,知?信息??,チシク·チョンボダンジ,37.37750721892,126.645861381029
3133,캠퍼스타운,Campus Town,인천선,I133,大?城,キャンパスタウン,37.38844295632,126.662206121031
3120,부평,Bupyeong,인천선,I120,富平,プピョン,37.4894490429055,126.724331088618
3121,동수,Dongsu,인천선,I121,??,トンス,37.4855071635951,126.718606270842
3132,동막,Dongmak,인천선,I132,?幕,トンマク,37.3979424375979,126.673448014592
3136,인천대입구,Incheon Nat'l Univ.,인천선,I136,仁川大?,インチョンデイック,37.3862063921103,126.639542234479
3119,부평시장,Bupyeong Market,인천선,I119,富平市場,富平市場,37.4983641942962,126.722285373949
3118,부평구청,Bupyeong-gu Office,인천선,I118,富平??,プピョングチョン,37.50743350044892,126.72143971800028
3117,갈산,Galsan,인천선,I117,葛山,カルサン,37.50743350044892,126.72143971800028
3125,예술회관,Arts Center,인천선,I125,????,イェスルフェグァン,37.4485259845342,126.700916120922
3129,신연수,Sinyeonsu,인천선,I129,新延?,シニョンス,37.4181081550544,126.694019681969
3131,동춘,Dongchun,인천선,I131,?春,トンチュン,37.404576119239,126.680851046438
3137,센트럴파크,Central Park,인천선,I137,中央公?,セントラルパ?ク,37.3928455432657,126.634988814949
3138,국제업무지구,Intl. Business District,인천선,I138,??????,ククチェオンムジグ,37.3996578386606,126.630542158102
3122,부평삼거리,Bupyeongsamgeori,인천선,I122,富平丁字路口,プピョンサムゴリ,37.477834830017315,126.71029378166388
3128,선학,Seonhak,인천선,I128,仙?,ソンハク,37.4269470843403,126.69892316532737
3130,원인재,Woninjae,인천선,I130,源仁?,ウァニンジエ,37.4123688782408,126.687889114089
